Feature,Importance
age,0.21909560472681738
clinical_risk_score,0.1604316179231918
bmi,0.11547952685806945
lab_abnormality_score,0.09321036154272759
comorbidity_count,0.08457821390131234
length_of_stay,0.0683190507598775
num_medications,0.06823747327116747
elderly_patient,0.06459060178227538
socioeconomic_index,0.049923016015276406
num_procedures,0.04818989646199069
high_cost_patient,0.018308404958725964
long_stay,0.009636231798567934
