Metric,Value
Accuracy,0.7554
Precision,0.13921404682274247
Recall,0.4625
F1 Score,0.21401028277634962
ROC AUC,0.6633614703065134
