Feature,Coefficient
age,0.020885673123073708
bmi,-0.0030836966149384456
socioeconomic_index,-0.1072054617784323
comorbidity_count,0.13417822329024073
length_of_stay,-0.00459251563056
num_medications,-0.004235106403148444
num_procedures,-0.012306571408258941
lab_abnormality_score,-0.005062576737423068
clinical_risk_score,0.13300659132720968
elderly_patient,0.01275333915340552
long_stay,0.04825924269506913
high_cost_patient,0.08690763119797351
