Model,Accuracy,Precision,Recall,F1 Score,ROC AUC
Logistic Regression,0.6293,0.11458064516129032,0.6166666666666667,0.19325353645266594,0.6710533405172413
Decision Tree,0.6391,0.11836195508586526,0.6222222222222222,0.19889012208657048,0.6606728927203065
Random Forest,0.7124,0.13107460643394936,0.5319444444444444,0.21032399780340472,0.6724949113984674
Gradient Boosting,0.9279,0.4,0.002777777777777778,0.005517241379310344,0.6797236440373564
KNN,0.9279,0.0,0.0,0.0,0.5984417654454024
